{
  "tasks": [
    {
      "id": "c4f5",
      "assignedTo": "User 1",
      "status": "Completed",
      "dueDate": "2024-10-02",
      "priority": "Low",
      "description": "This task is good"
    },
    {
      "id": "ebd4",
      "assignedTo": "User 2",
      "status": "In Progress",
      "dueDate": "2024-10-06",
      "priority": "High",
      "description": "This task is important"
    },
    {
      "id": "d017",
      "assignedTo": "User 3",
      "status": "Not Started",
      "dueDate": "2024-10-26",
      "priority": "Low",
      "description": "This task is good"
    },
    {
      "id": "c9a9",
      "assignedTo": "User 4",
      "status": "In Progress",
      "dueDate": "2024-10-20",
      "priority": "Normal",
      "description": "This task has less important\n"
    },
    {
      "id": "5fe0",
      "assignedTo": "User 5",
      "status": "Not Started",
      "dueDate": "2024-11-09",
      "priority": "High",
      "description": "Do this task fast ASAP"
    },
    {
      "id": "96a7",
      "assignedTo": "User 6",
      "status": "Completed",
      "dueDate": "2024-11-09",
      "priority": "High",
      "description": "This task is good"
    },
    {
      "id": "6757",
      "assignedTo": "User 7",
      "status": "Not Started",
      "dueDate": "2024-10-29",
      "priority": "Normal",
      "description": "This task is good"
    },
    {
      "id": "4a6e",
      "assignedTo": "User 8",
      "status": "Not Started",
      "dueDate": "2024-10-24",
      "priority": "High",
      "description": "This task is good"
    }
  ]
}